name;group_id
Jesse Cooper #b9e072;2
Jacob Garcia #c3f486;1
Alexa Lee #6efc3f;4
Tracy Clark #cae579;3
William Smith #fcb0c7;1
Shane Briggs #bf0d4b;1
Craig Barnes #edd56a;4
Lauren Cruz #e40eef;1
Rodney Ross #d6fc8a;4
Katrina Brooks #f20206;1
Shannon Calhoun #f2d6b3;4
William Barajas #fff056;4
Yolanda Padilla #ed806d;4
Lori Sanders #0f8c8c;4
Eric Pena #abedfc;4
Michelle Hughes #dd0024;3
Jaime Randolph #70c403;4
Chad Pierce #2703b5;2
Matthew Jones #a9d651;4
Richard Henson #d83ae0;3
Michelle Diaz #1936c6;4
Rachael Rodriguez MD #ad5cd1;3
Abigail Sullivan #ce6831;4
William Bell #9463cc;4
Alexis Green #424cb5;3
Jackie Hansen #fcecab;1
Connie Lopez #21ef13;1
Andrew Spencer #e28ac2;4
Andrew Berry #e064bd;2
Amy Payne MD #b2e05e;3
Gary Lowe #85e5b2;3
Chad Vaughn #27f902;2
Stephanie Fletcher #a2ff4c;1
Amanda Thompson #d7f78c;2
Jose Delgado #c9f6ff;1
Douglas Jones #fca9b4;1
Juan Thornton #e4f7a0;4
Vanessa Owens #aad83e;3
Shelby Lopez #edbbf7;1
Kristine Donovan #5ed6c2;1
David Rasmussen #18ba73;2
Jonathan White #e8e355;3
Caleb Chambers #ffd0a5;3
Elizabeth Martin #9d4ac9;4
Dawn Rush #8ad2fc;4
Charles Fisher #6b2fed;3
Michael Baker #5ef9a2;2
Christopher Johnston #f9d0a4;4
Carl Morris #56f794;1
Matthew Olson #e23d14;4
Tara Contreras #ca88f7;2
Heather Smith #e8a399;4
Tanner Smith #a4ea91;1
Victoria Trujillo #fc7e35;1
John Smith #fcccff;3
David Johnson #b7e6ff;3
Kristina Mccann #647dc4;1
Kendra Gonzales #ff4cd5;4
Daniel Jordan #53db77;3
Marissa Burgess #3fed36;2
Elizabeth Banks #97fc85;2
Ashley Collins #0eaf49;2
Margaret Tucker #3ba5d3;2
Anita Avila #fce1c4;4
Barbara Ford #4d86e2;1
Pamela Dunn #8ffc9a;3
Sherri Holland #e24f71;1
Michele Nguyen #ba23e0;1
Elizabeth Wilson #56d80a;1
Claire Johnson #003edb;1
Mark Douglas #a76ff7;4
Matthew Morgan #ea25b2;4
Laurie Brock DVM #23e04c;2
Melissa Graves #6411e0;1
Joseph Taylor DVM #cbe539;4
Carrie Nichols #c4e88b;4
Jill Garza #39ce5f;1
Benjamin Patton #4df27e;2
Jesus Flores #5cbbbc;4
Aaron Gutierrez #f98f0c;3
Edward York #1aacbf;3
Sonia Brandt #a77dd1;2
Ryan Galvan #60f285;3
Cindy Brown #4038b5;1
Samantha Richardson #e2e20b;2
Nichole Brown #e35ce8;3
Kyle Ross #3b9b12;4
April Wilson #63048c;1
Ruth Williams #afcff7;1
Tracy Lawrence #94efe6;1
Jeffrey Todd #edeb80;3
Sharon Hall #d66add;4
Jennifer Jones #51d642;3
Donna Barker #9e1dd6;1
Kevin Ortiz #e547b8;2
Michael Harris #3fa5ff;1
Michael Martin #a2a6f9;3
Leonard Sherman #006368;4
Amber Estrada #46fcbf;3
Dennis Carter #095ec6;3
Ryan Simpson #d332a6;1
Angela Johnston #c17c36;4
Karen George #7e30dd;2
Matthew Davis #8dba25;3
Debra Davis #21b79b;3
Timothy Grimes #ebef99;4
Jacqueline Franklin #dcf7a5;2
Kayla Mcbride #8aea9a;2
Laura Fisher #ff8cbf;1
William Simmons #d06afc;1
Douglas Schultz #dae069;4
John Shah #13dd28;3
Maria Higgins #c9ba10;3
Daniel Harris #95e871;3
Michael Greer #32e206;1
Ian Browning #f28ca5;3
Danny Jones MD #dd271a;1
Cory Jackson DVM #ffc1c6;4
Emily Bradley #f97fb2;4
Christian Barrett #a7f9e5;2
Zachary Johnston #b8cc47;2
Dr. Valerie Webster #91f2a3;2
Tara Taylor DDS #35ddb6;3
Christopher Reyes #14036b;4
David Schultz #cc4b2a;1
Tara Monroe #9fadf2;4
Jessica Martin #b5fc85;4
Pamela Hardin #ed3b47;4
Hannah Stephens #54afb7;2
Walter Mitchell #49c681;3
Mark Burnett #d3d33d;1
Heidi Flores #3cc1bd;4
Mr. Curtis Ward #6ad89f;4
Michael Moore Jr. #cd81f9;3
Miguel Harvey #edade3;3
Marissa Long #5ccdf9;2
David Sanchez #0e398e;3
Alicia Mercer #dd73bd;3
Rodney Munoz #3f9da8;1
William Terrell #f37aff;3
Austin Lopez #dd6ead;3
Tara Wilkins #c11582;2
Katherine Carpenter #39ff0c;3
Michael Bradford #8e0228;2
Shannon Martinez #ef2d9e;3
Donald Lewis #6176ed;3
Jennifer Jordan #6bbed6;1
Patricia Hernandez #0b7c6f;1
Susan Barajas #ade3ea;4
Cynthia Jackson #f9b3c1;2
Dr. Andrew Kramer DDS #d0e57b;4
Karen Sanchez #dd6895;2
Casey Bennett #fc3c02;2
Russell House #f4b086;4
Clifford Hickman #cc26b8;4
Drew Thomas #418ee0;4
Gary Brown #33ad0a;1
Luke Chan #f9f345;2
Dale Kent #39cc54;4
Tammy Ellis #ac00bf;3
Richard Price #7493fc;4
Justin Navarro #4a5ea8;2
Gloria Prince #35b210;4
Michelle Tucker #7bc7ce;1
Jason Howell #7260d6;2
Craig Fletcher #ed8b40;2
Elizabeth Greer #b0ce42;4
Julie Williams #baed8b;4
Danielle Perez #9fe4f9;1
Laura Simpson #db5f0d;3
Kristin Castro #eda36a;3
Allison Anderson #a8c6ea;2
Veronica Rogers #9560ea;4
Kim Dudley #2b91a0;4
Stacy Miller #f7bed9;3
Samantha Jones #ccdcff;2
Matthew Little #00b56f;1
Marie Jones #b0fc88;2
Frederick Owens #985dbf;3
Olivia Camacho #17508c;1
Lisa Baker #f48c16;2
Lauren Harrison #95ad11;4
James Young #f8f9a4;3
James Lee #9def99;3
Alice Cross #177f07;2
Stacey Jones #49fc46;3
Angela Riggs MD #d32a08;2
Andrea Bass #8564e5;1
Ruth Sanchez #a5ffdc;4
David Daniels #5df482;1
Jessica Ball #8abc1e;4
Catherine Black #4159e2;3
Bradley Phelps #e07d8f;4
April Sims #f490a6;4
Kevin Owens #f48e5f;1
Chad Torres #d104c0;4
Brenda Herman MD #c59ee5;3
Julia Johnson #a2f9b8;2
Wanda Ellis #6dccdb;3
Sarah Dawson #9bef5f;3
Melissa Salazar #e091c0;3
Dawn Decker #fff0c6;1
Juan Perez #b6ef8f;2
Sean Hebert #3dedb8;4
Kelly Frey #90ff77;2
Daniel Gordon #f4848b;4
Matthew York #ff7207;3
Laura Navarro #f2cf5c;3
Richard Schwartz #fc74ca;4
Nicholas Miller #4cce89;3
Jasmine Carter #fcb558;1
Henry Hill #c715db;1
Timothy Brown #e0c869;4
Christopher Pineda #64c8ef;3
Elizabeth Thomas #f92735;4
Richard Kelly #6ab520;1
Patrick Vazquez #f9aeb6;3
Veronica Key #e8fc67;4
Brittany Ramos #e8ff6b;2
Kristin Whitaker #9cc8f4;1
Holly Cox #cd9ee5;3
Caleb Hurst #c5fca1;4
Ronald Davis #9fe570;3
Samantha Ali #c0f446;2
Stacey Hart #cdb6ef;4
Darryl Benitez #c0b3fc;3
Mr. Earl Moore MD #00ba47;3
Samuel Phillips #e22bff;4
Debra Warren #294f87;2
Christopher Brown #f70ee7;1
Tina Underwood #189956;2
Fernando Anderson #978dd6;1
Timothy Benton #c1d0ff;3
Brenda Hill #c560ea;1
Brian Hall #baff66;4
John Smith #f7a5af;4
Guy Hanson #a1d6ed;3
Sarah Flowers #f2a280;1
Deanna Lowery #22e54f;3
Lauren Perez #89fc85;4
Melissa Jordan #87e5ad;4
James Thomas #a7d9e5;3
Robert Jackson #11b1dd;2
Daniel Brown #e88f63;3
Chad Smith #a69ffc;1
Steven Mayo #8bf47f;1
Joseph Anderson #ea696b;2
Alexandra Newman #6f48db;2
Brandon Evans #7aa9d6;3
Mitchell Fox #d585db;1
Matthew Dean #72ef67;2
Samantha Burns #8e42d6;3
Cristian Wright #76dd42;3
Charles Smith #7da9db;3
Monique Hernandez #888fef;2
Anthony Garcia #52cea7;4
Tony Nguyen #bce27f;2
Cynthia Reyes #e1abf2;1
Allen Burke #d1fc50;4
Jesus Chavez #a502e5;4
Cheryl Nichols #d119ca;1
Alexander Duncan #c217ed;3
Patrick Jimenez #ed2fda;3
Mercedes Brennan DDS #ea6090;1
Dr. Tristan Reynolds DVM #9d8be0;1
Ryan Hoffman #97b8ed;2
Corey Smith #87ba12;2
Matthew Mitchell #13f4b8;3
Jeffrey Mahoney #68f2ad;4
Alexandria Silva #f75d63;1
Tina Gonzalez #ffebad;3
Brian Simmons #ed2596;4
Craig Lester #baeff2;1
Anthony Morris #dcbffc;3
Matthew Snyder #f7f788;3
Betty Zavala #2459b5;2
Richard Moore #a36fdb;1
Kelsey Gardner #f28452;2
Joshua Vaughn #3b9299;4
Connie Nguyen #f23ece;1
Bryan Guzman #c16838;4
Kellie Cook #aeff75;2
Mary Hernandez #cef78c;1
Elizabeth Bean #98ed87;3
David Lawson #f497b6;4
David Morris #b3f791;1
Barbara Hall #f4e3ab;3
Christine Tapia #450e9e;1
Bruce Castillo #f4ed8d;3
William Gilbert #c0ecf7;1
Lauren Bradley #f7eba8;1
Linda Bauer #77b4f9;3
Stephen Hernandez #bdf45d;4
Mark Moore #ffd8a5;4
Kenneth Chan #caed84;4
Eddie Jones #e8897a;1
Benjamin Wagner #81db20;4
Diana Miller #ffcdc9;4
David Stevens #e51dc0;2
Eric Hill #83e2bb;1
Jacob Byrd #f5ccff;1
Amber Mercado #ffb5ca;2
Christopher Palmer #d2dd56;1
Vickie James #29b578;2
Kaitlin Richardson #6edd93;1
Richard Adams #255ffc;2
Jessica Weiss #fff5ba;4
Steven Williams #96f2a8;4
Nicholas Hill #d6b8f2;4
Thomas Lewis #98b4e2;1
Megan Flores #e500ca;4
Brittany Wood #f9c0e7;1
Joe Haynes #fcc7c2;4
Barbara Jones #ad5658;4
Jennifer Rich #2568ed;4
Emily Taylor #aa0f45;2
Kelsey Mason #86e569;3
Ryan Stephens #f2b0bf;2
Shannon Stanley #d63555;2
Devin Larson #f49fbd;2
Steven Green #c4fc9f;2
Justin Bauer #fc7493;1
Sara Hawkins #1271b5;2
Kristopher Neal #ed3db8;1
Danny Wells #b7cbf4;2
Susan Webb #180872;2
Christian Jensen #0fa2bc;2
Lauren Cooke #b8ea83;4
Angela Rodriguez #e899c5;3
Stephen Beard #e87de4;4
Sara Mcmahon #e549ac;4
Brooke Jackson #bf3537;1
Linda Thompson #0a0606;4
Timothy Nunez #7fffa1;4
Jane Juarez #2fa01b;2
Maria Johnson #ddf9a9;3
Zachary Lamb #f9f8ac;2
Travis Jones #cccfff;1
Amanda Decker #f984de;2
Alexandria Parks #b34cef;4
Lindsey Warner #db34ca;4
Christopher Holder #bcf4f3;3
Clayton Gutierrez #cc81db;3
Walter Gonzales #4f6d03;1
Jacob Rodriguez #c94456;2
Brad Watts #6b8bff;1
Mrs. Kathy Vega #057245;2
Kerri Stewart #cb8bed;3
Amanda Spencer #f2b3be;1
Lauren Krueger #005489;4
Devin Carter #92efdb;2
James Williams #70e572;3
Brittney Gonzalez #afeaed;1
Thomas Stone #ea3fc2;1
Dylan Burns #ff66aa;2
Natalie Hernandez #1613a5;2
Lynn Martin #1737b5;1
Sally Jones #a21ad8;4
Colleen Garza #17b585;2
Justin Carr #d13ecc;4
Tiffany Marks #ddc65d;2
Christine Wagner #e076db;4
Brandi Jones #ff429d;1
Nicole Booth #c47d01;1
Sarah Glass #3c999b;4
Spencer Cruz #e2ce73;3
Andrea Jones #cde026;4
Shannon Perez #76c946;3
Jacob Lopez #c1663c;1
Martin Harper #8060d1;2
Michele Rivers #00f93e;3
Jason Jackson #e276bc;3
Annette Braun #ea7c99;4
Christine Barton #9bf7b4;1
Leslie Black #3a077c;4
Megan Smith #f28ad6;4
Juan Cummings #b5e1fc;4
John Morgan #31eff9;2
Michael Bradley #ce10c1;4
Jesus Jones #84fff4;1
Ronald Rodriguez #defca6;4
Daniel Griffin #d30465;1
James Taylor DDS #7804e5;3
Christopher Brooks #9e76db;4
Lindsey Moore #4cdb9f;3
Shannon Rogers #bf9b28;2
Gerald Ramos #66e2c1;4
John Griffin #19ea4a;2
Raymond Evans #a06dff;1
Sophia Guzman #c2a8ea;2
Derrick Stone #f9989e;2
Craig Anderson #71f71d;1
Carrie Floyd #a3fc50;1
Richard Valdez #98f2dd;1
Brenda Thompson #cc6b57;2
Richard Berry #c6851b;2
Carol Gonzalez #ea7141;4
Eric Bartlett #e3ffa8;4
Martha Cantu #ed3b8e;1
Susan Thornton #bc095d;4
Sarah Sweeney #017f27;2
Rick Jackson #e89da1;2
Amy Torres #a3f767;4
Amanda Nelson #ba251d;1
Travis Ortiz #ad0017;3
Carlos Phelps #028c30;2
Joseph Gill #d836ad;4
Kimberly Espinoza #f41142;4
Karen Munoz #fcc59f;2
Jose Peterson #e54ba5;2
Thomas Lopez #f78f2e;1
David Valdez #8c9603;1
Chloe Navarro #90b0dd;2
Alec Jones #a51d42;3
Michael Chapman #bc413a;3
Jason Patrick #c5ea60;4
Monica Lee #4b6fb7;3
Sean Ayala #39ced6;3
Todd Stanley #954adb;3
Paige Decker #cbed68;1
Justin Martinez #84b3ff;1
Vicki Morales #ea91cc;1
Devon Bennett #5ae8aa;2
Jacob Anderson #911fe2;4
Maurice Allen #ef8d8f;1
Danielle Barnes #74db6d;1
Edward Russo #0b5a8e;1
Benjamin Cole #d60454;2
Brenda Thompson #7a9e19;4
Roger Obrien #e89263;2
Seth Cook #59e0de;1
Thomas Oconnell #49ccbe;2
Amy Sweeney #97f4e8;3
William Rodriguez #ddad80;1
Destiny Cabrera DDS #c062d6;1
Lucas Pruitt #f7ac8c;4
Marissa Wilson #9eafff;2
Lori Smith #d3baff;4
Christy Ballard #a6fcbe;2
Sean Washington #34c12c;3
Barbara Bush #6d04e5;4
Edward Patel #7cefb6;4
Anthony Cox #7eea9f;2
Cassandra Anderson #85fc83;3
Edward Navarro #563aa5;3
Thomas Barry #bf96dd;2
Diane Cline #ef5f73;2
Jonathan Buchanan #8609e5;3
Larry Garcia #515cd1;2
Miranda Morales #5822cc;1
Monica Adams #bf4722;4
Andrew West #349e9c;1
James Jackson #264faf;1
Mr. Christopher Mccarty #8d40ed;2
Kelsey Knight #efaf77;3
Ryan Carroll #9d2ee8;2
Steven Howard #c5e9f9;1
Chelsey Nelson #dfe884;4
Kevin Richardson #d14a3e;4
Victoria Reeves #edbf8e;4
Todd Baker #f24b1d;3
Jason Hart #3ee879;4
Chelsea Gonzalez #2839bf;3
Chelsea Keller #e57ea5;2
Mrs. Jessica Henderson #46fca1;1
Tyler Mitchell #25f9e1;4
Patricia Hood #f76409;4
Steven Hicks #16e242;4
Brenda Hall #74f5fc;3
Clifford Anderson #18f78f;4
Christina Myers #a83023;2
Vanessa Adams #c6057c;2
Christopher Guerrero #86c2d6;1
Jason Olson #fdffb5;3
Ryan Johnson #1df9ac;3
Matthew Taylor #fcc362;2
Christine West #9cfca1;3
Stephanie Riddle #db5727;2
John Finley #2e8ee8;3
Danny Rivera #79c9f2;3
Crystal Allen #b3ffb2;3
Laura Taylor #4dd678;3
Laura Cain #b6f9a7;4
Carlos Marshall #d65a53;1
Linda Garcia #e840e2;1
Mark Cruz #e8a56f;3
Brian Garcia #efbd67;1
Daniel Mcdaniel #c45e33;2
Justin Gray #69fc14;2
Amber Bridges #c67945;1
Rodney Graves #e8a0bb;2
Craig Woods #351d93;2
Michele Tapia #8b36f9;2
Theodore Harmon #3c0572;4
Jamie Flores #296adb;2
Melissa Miller #e83c44;3
Michael Dennis #c8ce16;3
Amy Hall #16f446;2
Kevin Hicks #82b0ed;1
Jennifer Riggs #dd4439;2
Daniel Gonzalez #d8ab08;2
Savannah Martinez #fcc2d7;1
Chad Blair #e05077;1
Valerie Warner #2fc6a1;3
Kirk Anderson #fcbdc2;4
April Choi #edade1;4
Michael Rivera #c0ff91;3
Meghan Torres #69ea12;3
James Gonzalez #cc9e2a;3
James Parker #53fc91;3
Douglas Turner #31f7c2;3
Carlos Skinner #c98a04;4
Lauren Gutierrez #af2a50;3
Joshua Dickerson #c40086;2
Elijah Johnson #61bccc;1
William Miller #e24d9a;3
Carrie Branch #f9c0eb;4
Tina Stokes #b7d127;1
Natalie Juarez #f29de5;2
Phillip Peterson #6161c6;4
Miguel Booth #5bf7e5;4
Meredith Crawford #2f85aa;4
Dennis Cardenas #d3c228;1
Anna Davis #58dd54;4
Matthew Taylor #efdb97;3
Kurt Mcclain #a0ef64;3
Jonathan Ross PhD #77eabc;3
Logan Barnes #68caff;2
Theresa Ballard #f49b6e;3
Anthony Fields #b2ef70;3
Robert Brewer #f2e691;1
Kelly Cook #e29883;3
Julia Gregory #ad0ffc;3
Chelsea Becker #01ad3a;3
Ruth Smith #19c62e;1
Susan Butler #99a7e5;2
Breanna Jensen #9c6bea;1
Jennifer King #a81a51;4
Megan Gonzales #f47cde;3
Dana Smith #6ced49;2
Steven Martin #d33523;3
Kimberly Brady #cbacef;4
Ronald Lewis #6a81dd;2
Kathy Foster #d37e50;2
Destiny Wood #4a5eba;4
Colton Snyder #cafcae;2
Jacqueline Conner #1e037f;4
David Dunn #0f34ad;4
Steven Rose #e2b08c;4
Jeffrey Craig #6911d6;2
Henry Jensen #db29a6;3
Travis Hill #2f2293;2
Raymond Conway #ce6858;2
Mr. William Smith Jr. #e770f4;2
Sarah Diaz #fffcbf;1
Warren Thomas #66e875;2
Kathryn Doyle #3c0e91;1
Emily Wilkins #4558e8;4
Ian Schwartz #eaa104;4
Lauren Alvarado #cee579;1
Christine Lewis #ab85dd;3
Diana Washington #f000f4;2
Jared Miller #dd37bf;1
Allison Fuentes #5dcef4;1
Melanie Robbins #b7ed6d;3
Michelle Alvarez DVM #f7bef1;1
Michael Baker #f7786f;1
Carl Swanson #e3fc28;4
Krystal Tapia #b0fc7e;4
James Hickman #ef581c;2
Christine Chavez #a9f1fc;3
Jordan Griffith #f7dc94;1
Teresa Patel #da7fff;2
Francisco Ross #15b273;1
Bernard Hill #923ad1;3
Melissa Scott #f2a4da;3
Whitney Spencer #d3ccff;4
William Sims #3ae2f4;2
Angela Harper #d511d8;1
Samuel Mclaughlin #fcb28a;2
Lawrence Diaz #2d9b99;1
Shelly Wagner #9b0413;3
Sarah Murphy #1f7edd;3
David Atkins #992e07;1
Maxwell Harris #0da9c1;1
David Sanders #fcbab8;1
Sarah Meadows #ef9002;4
Roy Soto #bdf492;1
Traci Rodriguez #e5b58e;4
Taylor Davis #ef707b;1
Cathy Bailey #aec1f9;1
Stephen Holland #1fabaf;1
Martin Miller #b8f484;3
Charles Powell #487fd6;2
Caitlin Martinez #8655e8;3
Lindsey Thomas #ffb6a5;3
Cheryl Davis #82fc67;2
Gene Gonzalez #3cc451;2
Ashley Short #177db7;3
Alexander Parks #e83e93;2
Tracy White #58ddbe;2
Christopher Williams #77ff99;2
Susan Arnold #a4f489;2
Christopher Padilla #8be03c;4
Robert Atkins #9b68d1;2
Michael Garrett #e8b4f7;2
Jessica Fisher #b3b1f9;4
Bianca Evans #e7bcff;3
Jennifer Diaz #61d370;2
Donna Martinez #db7287;4
Kristin Montoya #ba4632;1
Jacqueline Henderson #c2c9fc;1
Jacqueline Holloway #3a23a0;1
Christine Turner #75dd4f;1
Teresa Lopez #a2e4e5;4
Michael Hernandez #6ffcb8;3
Kelsey Castro #e874fc;2
Amy Stokes #64db6e;1
Michele Craig #52d35f;3
Marc Glenn #dd4fba;4
Richard Johnson #6fe8c7;4
Alexander Stokes #5a840d;2
Dawn Wyatt #b8bef2;2
Eric Gonzalez #008e1e;2
Sara Boyer #79f7d3;4
Benjamin Fletcher #e468ed;1
Aaron Young #60f7c2;3
Carla Snow #dde238;1
Marcus Wright #a1fc6c;1
Michael Moore #ea9b09;1
Ashley Robinson #77ef75;1
Christopher Thompson #fcad37;3
Mr. Kenneth Fowler #8882f2;2
April Gray #2ee82e;4
Charles Castillo #d81c32;3
Kathleen Taylor #ef827f;2
Jose Hubbard #66b4d6;2
Kaylee Rogers #25ddb9;2
David Elliott #ed90e6;3
Edward Lawrence #e1ffad;3
Brenda Campbell #dde589;4
Ashley Montgomery #f957d1;3
Rebecca Bailey #ffc3a5;1
Krystal White #63f970;4
Julie Wilson #e861f9;1
Suzanne Davis #0126ba;4
Mr. David Sims PhD #af3924;2
Cathy Day #c862ea;4
Devin Blake #175b93;4
Tonya Hubbard #c8ea88;3
Gwendolyn Ruiz #affff7;3
Andrea Ortiz #2c518c;3
Matthew Payne #af2b3d;4
Robert Barry #4cefb3;2
Nicholas Stewart #e28f4a;3
Dawn Smith #8883ea;2
Christina Harris #fcffbf;2
Mitchell Jefferson #3c499e;3
Douglas Sanchez #275eb2;4
Felicia Cordova #af6ae8;3
Kristy Steele #5bd32c;2
Donna Huynh #f71db9;3
Rebekah Fisher MD #f47c2c;2
Pamela Cox #ade4f4;1
Curtis Moore #8b69c6;2
Melissa Herrera #02dd94;3
Larry Glover #d32c99;2
Jose Rodriguez #49aa11;1
James Roberts #e4ccff;3
Heather Miller #88ea96;3
Rebecca Allen #db86f4;2
Robert Mendez #67f7b6;1
John Vargas #08a581;4
Melissa Morgan #f2e39b;3
Janice Harper #fcd1c7;3
Caitlin Hayes #f2c1ae;2
Omar Freeman #765cc9;1
Glen Nelson #6834ad;4
Kenneth Wilson #f8f989;4
Jacob Harris #fcc2d2;4
Samantha Leach #23d194;3
Vernon Owen #306899;4
Marie Lyons #ffc4c7;3
Daniel Whitaker #dd213d;3
Peter Jones #8be83a;3
Karen Bullock DDS #ed8494;4
Lisa Jenkins #8af7bb;4
Melissa Anderson #50ed17;4
Denise Rios #efd49e;1
William Boone #3c34ad;1
Jennifer Hall #1df9e7;1
Aaron Roman #c7f2fc;4
Michael Patterson #f7f06f;2
Alexander Mcguire #afb3f7;3
Sabrina Buckley #7ec91c;4
James Richardson #db2790;4
Stephen Lewis MD #fca9b7;2
Pedro Jones #b0ef7c;4
Justin Vasquez #22d67c;4
Gregory Gates #f78c7e;3
Cody Humphrey #edbb9e;3
Erica Brown #e5a0d7;4
Samuel Smith #0b2d8c;1
Tamara Young #80d868;3
Laura Brooks #0805bc;2
Michael Sanchez #42820e;3
Melissa Bartlett #13c1a1;2
Ethan Smith #a585ea;2
Elizabeth Smith #66f986;1
Luis Turner #f24110;2
Casey Rogers #5afcd1;4
Brandy Hoover #bb47d8;2
Kelsey Johnson #3e00d1;2
Cassandra Edwards #1df979;2
Mark Scott #c13634;3
Alison Quinn #09f7cb;3
Ronald Vaughn #206aea;4
Reginald Johnson #299599;4
Zachary Sparks #7535a0;4
Miranda Singh #f2ce96;4
Joel Hampton #ed9ec6;2
Beverly Thompson #fcc7d9;2
Nathan Ortiz #f9cbbd;4
Lance Parrish #ce1400;4
Kathleen Contreras #86d624;2
Andrew Walls #9eff9b;2
Joe Harrison #f9936d;4
Clayton Molina #8a990c;2
Rebecca Luna #ba5827;4
Elizabeth Short #5f6d00;3
Jennifer Gallagher #e864f4;4
Rebecca French #e2c4fc;2
Matthew Rivera #f2f260;3
Renee Bryant #a59aed;4
Amy Pittman #eaa872;4
Leslie Knight #abf44b;3
Robert Nguyen #eaed65;1
Victoria Hurley #8ebbdb;2
Hannah Farrell #9fb8ea;4
Kevin Gilbert #7ee038;3
Michael Morton #f7d4aa;2
Christian Palmer #216a84;4
Terrence Summers #1c1472;4
Anthony Adams #2d9bfc;4
James Perkins #6db3ed;2
Alicia Arnold #ea98f2;4
Sabrina Mckee #fcd3bf;3
Carl Williams #c10d94;2
Dr. Marie Rodriguez DVM #34d19a;2
Sonya Mendoza #f7afd4;4
John Hart #6ff7ce;1
Richard Ryan #edc021;3
Jessica Ewing #9cf945;1
Jonathan James #e8d912;1
Jessica Jones #2c40a0;1
Susan Brennan #db4cff;1
Lynn Bonilla #bdf8fc;4
Nicole Petty #61a8f9;2
Paul Morales MD #b154d8;4
Kaitlin Silva #035fa5;1
Bryan Johnson #104896;1
Whitney Mcdonald #d863b3;2
Tracy Jackson #f78fb7;1
Hannah Rodriguez #34ed62;1
Victoria Knight #affff7;2
Patricia Brown #7c9909;2
Samuel Vasquez #c59bf7;4
Laura May #b62add;1
Michelle Chan #1a267a;4
Andrew Romero #132770;1
William Lopez #a4c2f2;2
Melanie Pitts #a7d660;3
Nancy Riley #6b87ea;3
Angela Wells #2e95c1;1
George Shelton #ce5854;1
Russell Leonard #4fe296;4
Manuel Thompson #fcffba;1
Evan Miller #d69620;4
Justin Jones #2fb57a;2
Logan Davis #00d30e;3
Dr. Steven Guerra #d845c0;1
Brittany Adams #e8a66d;3
Joshua Griffin #88e5ea;3
Timothy Foster #b913bf;4
Bonnie Little #f3ff70;2
David Hill #2f35a8;4
Audrey Jackson #fce5c4;2
Natalie Hensley #2a63bf;2
Tracey Robinson #ce447b;3
Mario Cooper #bcff75;3
Mark Mitchell #db7462;3
Javier Powell #b2ffe8;1
Mr. Andrew Ramirez #ed504e;3
Suzanne Page #0558b7;2
Adriana Davis #a8f79e;1
Regina Cisneros #0e778c;2
Lisa Wiggins #e9ffad;2
Edwin Miller #a50323;2
Christopher Nichols #c69ff9;4
Lance Jacobs #ea641c;3
William Guerra #80e4ed;2
Russell Johnson #f9a995;3
Glenda Fuentes #e87fdb;1
Claire Gay #d34591;3
Colleen Owens #49e53d;1
Wanda Elliott #913311;2
Scott Miller #ddbd7c;2
Lindsey Rivera #2947a0;4
Danielle Bender #11d2f4;2
Jason Curtis #e5a0e4;2
Rodney Hudson #55b1fc;4
Zachary Garcia #f45fd4;1
Michael Hayes #9fa51f;4
Melanie Jackson #9ef291;4
Jason Strickland #e4a9f2;2
Karen Owens #7ef790;2
Patricia Thomas #b2ffe6;4
Elizabeth Yang #7f53d6;2
David Benton #6ce272;4
Melissa Romero #5e41bf;3
David Thomas #66a3c9;2
Katherine Andrews #f48bf1;3
Jessica Harris #a8ffed;4
Lindsay Rivers #5958b7;3
Michael Bell #86ce27;1
Amy Rodriguez #f4b2b8;4
Rebecca Nguyen #d60cc8;2
Hannah Jensen #c1fcab;2
Penny Brown #09d8e2;4
Kristy Chavez #2379aa;2
Jonathan Craig #4e99b2;2
Ryan Brennan #fcc7b5;3
Raymond Johnson #fc80eb;2
Dr. Ashley Johnson DVM #f4e37f;3
Wendy Smith #84f9de;1
James Roberts #e5759c;3
Andrew Olson #b2ffe2;3
Jennifer Alvarez #ea8b1e;4
Brandy Howard #b88ee5;1
Matthew Alexander #fc2a70;4
Joshua Massey #fca1c2;2
Mario Johnson #ff87ff;3
Blake Odonnell #095689;3
Emily Guerra #eaef5b;2
Christine Zavala #0cb598;2
Raymond Taylor #f9c5c0;1
Ryan Marquez #9686d6;3
Brianna Jones #efad77;1
Willie Anderson #bc0fb4;3
Alexis Matthews #e5b990;2
Henry Moore #aa1421;2
Dr. Anthony Cantu #a18fd6;3
Jerry Henderson #ed9782;4
Shelly Barnes #bc15ef;3
Patricia Marshall #f762ea;1
Stephanie Adkins #b77a2a;1
Brittany Cruz #1a657c;3
David Mitchell #bff280;1
Christie Ramos #e59ee1;1
Lydia Ramsey #05216d;3
Ashley Bailey #d868b3;1
Dr. Joshua Galloway #cae519;1
Julie Shannon MD #d63e5f;3
Christian Pierce #ffe19b;1
Wesley Huang #ce3395;1
Brandy Day #4ecc18;1
Michael Alvarez #1dba7b;3
Joseph Rodgers #db255e;1
Angela Barron #b2f2ff;3
Mark Roy #f41fad;4
Janice Parsons #05858e;3
Christopher Johnson #db6079;1
Troy Morris #49f23a;1
Thomas Williams #fcbdf1;2
William Baker #7fe9f4;3
Daniel Kramer #7a73d6;4
Michael Daugherty #0bed17;2
Sheila Wilson #8eedb1;4
Gordon Torres #ccfffe;4
Philip Park #b24f2e;1
Antonio Leonard #ff26c1;3
Todd Carlson #d4adf4;2
Kevin Abbott #fce99c;4
Brandon Dixon #cbe060;3
Amber Richards #e0b3f2;2
Rachel Shepherd #ffaab0;4
Karen Clayton #9091dd;2
Elizabeth Martinez #8ec1e5;1
Lisa Bailey #39899b;4
Mitchell Hernandez #83b6e2;3
Jane Zimmerman #08a557;1
Joshua Hernandez #50e07b;1
Connor Williams #e53283;3
Jennifer Drake #4f4adb;3
Anne Freeman #d3026e;3
Melissa Barnett #eabd69;3
Ms. Deborah Berry #d53ae0;4
Robin Wong #fff1cc;2
Amber Smith #8c50b7;1
Tina Holt #f2aebe;3
Mr. William Stanley #dd1372;4
Julie Garcia #18a03a;2
Kelsey Rodgers #94f7ba;3
Robert Hicks #f952f4;4
Lisa Stanley DDS #0ad3d3;3
Michael Washington #e0967b;3
William Moore #5bbfbf;1
Bradley Mendez #9e69f4;3
Sally Nunez #3b21af;3
Jesse Sanders #083b93;4
John Bauer #af76e8;2
Jennifer Alvarez #5108d1;3
Luis Anderson #f44262;1
Robert Gould #d4ef5b;4
Christine Harrison #62e088;2
Pamela Miranda #449b15;2
Daniel Harris #4ff7db;2
Paul David #ccd2ff;2
Olivia Cobb #d1b423;3
Robert Sanchez #edb878;2
Heather Gonzales #71f7d5;4
Stephanie Russell #7c29e8;1
Bobby Gray #0a9b2a;1
Austin Sellers #ef6296;1
Rachel Gray #f4e49c;4
Glenn Lopez #90f999;1
Michelle Harris #a9bee8;1
Howard Smith #6bf9ee;1
Derek Buckley #acf7a0;4
Janet Lynch #b7661f;4
Nicholas Garcia #28e282;3
Eric Mccall #f4c3ba;1
Eric Hinton #f4d36e;3
Janice Cole #d63361;2
Marvin Jones #a758e8;1
Mariah Mccoy #437fe8;2
Robyn Richardson #dddd1a;1
Melissa Stephens #8ff7b9;3
Andrea Barber #0f9b6f;3
Connie Hughes #358c91;2
Mary Pineda #897ddb;4
Brittany Rodriguez #d1584f;2
Emma Munoz #fff0bc;2
Edward Davis #f7b4ec;1
Edward Arias #3973ad;2
Erica Medina #d3ab4e;3
David Todd #0d676d;3
David Carrillo #7ac63f;2
Michael Rocha #f2b6f9;4
Sandra Taylor #ea98c5;4
Kimberly Richardson #c1225f;1
Manuel Greer #9e213e;4
William Black #9bea52;1
Johnathan Stevens #62fcf7;3
Michael Dixon #8df470;1
Micheal Deleon #cf4bed;2
Timothy Huber #7f5edb;4
Jacob Rogers #bc6925;3
Anna Vega #12993f;2
Sandra Hoffman #1ed802;3
Dennis Reyes #2d0404;2
Lori Williams #cc1c9d;1
Kayla Lee #99f2f7;1
Joseph Meyer #e86229;3
Stephanie Atkinson #ec8ffc;4
William Bass #ea7eaf;3
Mason Jones #ddc6ff;3
Robert Bartlett #e8a77f;4
Chelsea Thompson #a5ffbd;2
Jennifer Farley #7b24c1;4
Troy Collier #aaffe2;4
Austin Allen #fff768;3
Deborah Ayala #693ba5;3
Frank Bridges #6c2d99;4
Julie Brown #41ad29;3
Mark Schmidt #90e006;4
Andrea Donovan #cae23f;3
Eric Johnson #f2377f;1
Andrew Ferguson #e89181;2
Karen Reyes #82bdce;1
Don Harrison #ab4fd6;2
Katherine Oconnor #2bc47f;2
Teresa Anderson #e08288;1
Angel Carter #dd5dcc;1
Timothy Moore #e5af00;2
Joseph Moore #6df215;2
Adam Estrada #ff68ff;3
Preston Gibson #d85494;4
Dana Phelps #5cdb6d;3
Charles Melton #3cd181;2
Anthony Price #08347a;2
Jared Gutierrez #89ffa3;2
Randy Buck #ecc2fc;3
Jose Lopez #2699af;4
Lisa Mcbride #e5348a;2
Cheryl Gallagher #ccddff;4
Elaine Mason #e26a78;4
Michelle Goodwin #e480ed;4
Rebecca Shepherd #fcd32f;3
Juan Long #c7abea;2
